;loss;CategoricalAccuracy;precision;recall;f1;fbeta;specificity;negative_predictive_value;matthews_correlation_coefficient;equal_error_rate;tp rate;fp rate;epochs;batch_size;steps_per_epoch;optimizer;layers names;layers shapes;input_size;equilibrage
1619698871;0.03659;0.99333;0.99364;0.99313;0.99338;0.99313;0.99937;0.99931;0.99272;0.01798;0.99291;0.00022;30;256;128;adam;dense dense_1 dense_2;256 256 11;5007;False
1619699661;0.2471;0.95639;0.95644;0.95628;0.95636;0.95628;0.99565;0.99563;0.952;0.03651;0.0;0.00777;30;256;128;sgd;dense dense_1 dense_2;256 256 11;5007;False
1619700815;0.03148;0.99204;0.99235;0.99184;0.99209;0.99184;0.99924;0.99919;0.99131;0.01698;0.97794;0.00016;30;2048;16;adam;dense dense_1 dense_2;256 256 11;5007;False
1619703216;0.03782;0.99277;0.99282;0.99267;0.99274;0.99267;0.99928;0.99927;0.99202;0.02094;0.97561;0.0;60;256;128;adam;dense dense_1 dense_2;256 256 11;5007;False
1619704087;0.1327;0.96114;0.96308;0.95918;0.9611;0.95918;0.99632;0.99592;0.95724;0.022;0.91515;0.0;30;256;128;adam;dense dense_1 dense_2;256 256 11;5007;True
1619706017;0.07941;0.97949;0.9804;0.97831;0.97934;0.97831;0.99804;0.99783;0.97728;0.01939;0.93706;0.00011;60;256;128;adam;dense dense_1 dense_2;256 256 11;5007;True
1619706783;0.49193;0.87903;0.92139;0.82796;0.87145;0.82796;0.99293;0.98299;0.86133;0.05169;0.71345;0.0;30;256;128;sgd;dense dense_1 dense_2;256 256 11;5007;True
1619707931;0.13134;0.95716;0.95868;0.95546;0.95704;0.95546;0.99588;0.99555;0.95278;0.02202;0.91971;0.0;30;1024;32;adam;dense dense_1 dense_2;256 256 11;5007;True
